{
	"credit": "Made with Blockbench",
	"textures": {
		"0": "Images/TheBreach Texture/NewLight",
		"particle": "Images/TheBreach Texture/NewLight"
	},
	"elements": [
		{
			"from": [6, 6.9013, 14.8961],
			"to": [10, 8.9013, 15.9013],
			"rotation": {"angle": 0, "axis": "x", "origin": [8, 7.9013, 8]},
			"faces": {
				"north": {"uv": [0, 1.75, 8, 5.875], "rotation": 180, "texture": "#0"},
				"east": {"uv": [2.125, 0, 5.875, 1.5], "rotation": 90, "texture": "#0"},
				"south": {"uv": [1.25, 0.625, 7.125, 3], "texture": "#0"},
				"west": {"uv": [2.125, 0, 5.875, 1.5], "rotation": 270, "texture": "#0"},
				"up": {"uv": [15, 12.375, 16, 12.975], "rotation": 90, "texture": "#0"},
				"down": {"uv": [15, 12.375, 16, 12.975], "rotation": 90, "texture": "#0"}
			}
		},
		{
			"from": [6.44746, 6.55492, 14.302],
			"to": [7.86746, 7.55492, 14.9072],
			"rotation": {"angle": -45, "axis": "z", "origin": [7.15746, 7.05492, 14.6046]},
			"faces": {
				"north": {"uv": [9.875, 0, 14.25, 3.75], "rotation": 180, "texture": "#0"},
				"east": {"uv": [15, 12.375, 16, 12.975], "rotation": 90, "texture": "#0"},
				"south": {"uv": [15, 12.375, 16, 12.975], "rotation": 90, "texture": "#0"},
				"west": {"uv": [15, 12.375, 16, 12.975], "rotation": 90, "texture": "#0"},
				"up": {"uv": [15, 12.375, 16, 12.975], "rotation": 90, "texture": "#0"},
				"down": {"uv": [9.875, 0, 14.125, 1.875], "rotation": 180, "texture": "#0"}
			}
		},
		{
			"from": [8.166, 8.4662, 14.302],
			"to": [9.166, 9.8862, 14.9072],
			"rotation": {"angle": 45, "axis": "z", "origin": [9.27878, 9.17624, 14.6046]},
			"faces": {
				"north": {"uv": [9.875, 0, 14.25, 3.75], "rotation": 270, "texture": "#0"},
				"east": {"uv": [9.875, 0, 14.125, 1.875], "rotation": 90, "texture": "#0"},
				"south": {"uv": [15, 12.375, 16, 12.975], "rotation": 90, "texture": "#0"},
				"west": {"uv": [15, 12.375, 16, 12.975], "rotation": 90, "texture": "#0"},
				"up": {"uv": [15, 12.375, 16, 12.975], "rotation": 90, "texture": "#0"},
				"down": {"uv": [15, 12.375, 16, 12.975], "rotation": 90, "texture": "#0"}
			}
		},
		{
			"from": [7.64746, 5.365, 14.302],
			"to": [9.06746, 6.365, 14.9072],
			"rotation": {"angle": 45, "axis": "z", "origin": [7.15746, 7.05492, 14.6046]},
			"faces": {
				"north": {"uv": [9.875, 0, 14.25, 3.75], "rotation": 180, "texture": "#0"},
				"east": {"uv": [15, 12.375, 16, 12.975], "rotation": 90, "texture": "#0"},
				"south": {"uv": [15, 12.375, 16, 12.975], "rotation": 90, "texture": "#0"},
				"west": {"uv": [15, 12.375, 16, 12.975], "rotation": 90, "texture": "#0"},
				"up": {"uv": [15, 12.375, 16, 12.975], "rotation": 90, "texture": "#0"},
				"down": {"uv": [9.875, 0, 14.125, 1.875], "rotation": 180, "texture": "#0"}
			}
		},
		{
			"from": [8.13739, 8.948, 14.302],
			"to": [9.55739, 9.948, 14.9072],
			"rotation": {"angle": 45, "axis": "z", "origin": [8.84739, 7.06205, 14.6046]},
			"faces": {
				"north": {"uv": [9.875, 0, 14.25, 3.75], "texture": "#0"},
				"east": {"uv": [15, 12.375, 16, 12.975], "rotation": 90, "texture": "#0"},
				"south": {"uv": [15, 12.375, 16, 12.975], "rotation": 90, "texture": "#0"},
				"west": {"uv": [15, 12.375, 16, 12.975], "rotation": 90, "texture": "#0"},
				"up": {"uv": [9.875, 0, 14.125, 1.875], "texture": "#0"},
				"down": {"uv": [15, 12.375, 16, 12.975], "rotation": 90, "texture": "#0"}
			}
		},
		{
			"from": [7.3, 8.6013, 14.3013],
			"to": [8.7, 9.6013, 14.9013],
			"rotation": {"angle": 0, "axis": "x", "origin": [8, 7.9013, 8]},
			"faces": {
				"north": {"uv": [9.875, 4.75, 14.25, 7.875], "rotation": 180, "texture": "#0"},
				"east": {"uv": [15, 12.375, 16, 12.975], "rotation": 90, "texture": "#0"},
				"south": {"uv": [15, 12.375, 16, 12.975], "rotation": 90, "texture": "#0"},
				"west": {"uv": [15, 12.375, 16, 12.975], "rotation": 90, "texture": "#0"},
				"up": {"uv": [9.875, 0, 14.125, 1.875], "texture": "#0"},
				"down": {"uv": [15, 12.375, 16, 12.975], "rotation": 90, "texture": "#0"}
			}
		},
		{
			"from": [7.3, 6.2013, 14.3013],
			"to": [8.7, 7.2013, 14.9013],
			"rotation": {"angle": 0, "axis": "x", "origin": [8, 7.9013, 8]},
			"faces": {
				"north": {"uv": [9.875, 0, 14.25, 3.125], "rotation": 180, "texture": "#0"},
				"east": {"uv": [15, 12.375, 16, 12.975], "rotation": 90, "texture": "#0"},
				"south": {"uv": [15, 12.375, 16, 12.975], "rotation": 90, "texture": "#0"},
				"west": {"uv": [15, 12.375, 16, 12.975], "rotation": 90, "texture": "#0"},
				"up": {"uv": [15, 12.375, 16, 12.975], "rotation": 90, "texture": "#0"},
				"down": {"uv": [9.875, 0, 14.125, 1.875], "rotation": 180, "texture": "#0"}
			}
		},
		{
			"from": [6.3, 7.2013, 14.3013],
			"to": [9.7, 8.6013, 14.9013],
			"rotation": {"angle": 0, "axis": "x", "origin": [8, 7.9013, 8]},
			"faces": {
				"north": {"uv": [8, 2.375, 15.875, 5.25], "rotation": 180, "texture": "#0"},
				"east": {"uv": [9.875, 0, 14.125, 1.875], "rotation": 90, "texture": "#0"},
				"south": {"uv": [15, 12.375, 16, 12.975], "rotation": 90, "texture": "#0"},
				"west": {"uv": [9.875, 0, 14.125, 1.875], "rotation": 270, "texture": "#0"},
				"up": {"uv": [15, 12.375, 16, 12.975], "rotation": 90, "texture": "#0"},
				"down": {"uv": [15, 12.375, 16, 12.975], "rotation": 90, "texture": "#0"}
			}
		},
		{
			"from": [7, 5.9013, 14.8961],
			"to": [9, 6.9013, 15.9013],
			"rotation": {"angle": 0, "axis": "x", "origin": [8, 7.9013, 8]},
			"faces": {
				"north": {"uv": [2.625, 0, 5.75, 1.5], "rotation": 180, "texture": "#0"},
				"east": {"uv": [15, 12.375, 16, 12.975], "rotation": 90, "texture": "#0"},
				"south": {"uv": [1.25, 0.625, 7.125, 3], "texture": "#0"},
				"west": {"uv": [15, 12.375, 16, 12.975], "rotation": 90, "texture": "#0"},
				"up": {"uv": [15, 12.375, 16, 12.975], "rotation": 90, "texture": "#0"},
				"down": {"uv": [2.125, 0, 5.875, 1.5], "rotation": 180, "texture": "#0"}
			}
		},
		{
			"from": [7, 8.9013, 14.8961],
			"to": [9, 9.9013, 15.9013],
			"rotation": {"angle": 0, "axis": "x", "origin": [8, 7.9013, 8]},
			"faces": {
				"north": {"uv": [2.125, 6.5, 5.25, 8], "rotation": 180, "texture": "#0"},
				"east": {"uv": [15, 12.375, 16, 12.975], "rotation": 90, "texture": "#0"},
				"south": {"uv": [1.25, 0.625, 7.125, 3], "texture": "#0"},
				"west": {"uv": [15, 12.375, 16, 12.975], "rotation": 90, "texture": "#0"},
				"up": {"uv": [2.125, 0, 5.875, 1.5], "texture": "#0"},
				"down": {"uv": [15, 12.375, 16, 12.975], "rotation": 90, "texture": "#0"}
			}
		},
		{
			"from": [6.173, 5.68, 14.902],
			"to": [7.583, 6.68, 15.902],
			"rotation": {"angle": -45, "axis": "z", "origin": [7.56066, 6.5, 14.63173]},
			"faces": {
				"north": {"uv": [3, 0, 5.625, 1.75], "rotation": 180, "texture": "#0"},
				"east": {"uv": [15, 12.375, 16, 12.975], "rotation": 90, "texture": "#0"},
				"south": {"uv": [1.25, 0.625, 3.25, 1.875], "texture": "#0"},
				"west": {"uv": [15, 12.375, 16, 12.975], "rotation": 90, "texture": "#0"},
				"up": {"uv": [15, 12.375, 16, 12.975], "rotation": 90, "texture": "#0"},
				"down": {"uv": [2.25, 0, 5.125, 1.5], "rotation": 180, "texture": "#0"}
			}
		},
		{
			"from": [4.58124, 10.15, 14.902],
			"to": [5.99124, 11.15, 15.902],
			"rotation": {"angle": 45, "axis": "z", "origin": [7.99848, 11.75831, 15.402]},
			"faces": {
				"north": {"uv": [5.875, 2.375, 8, 5.25], "rotation": 270, "texture": "#0"},
				"east": {"uv": [15, 12.375, 16, 12.975], "rotation": 90, "texture": "#0"},
				"south": {"uv": [1.25, 0.625, 3.25, 1.875], "rotation": 270, "texture": "#0"},
				"west": {"uv": [15, 12.375, 16, 12.975], "rotation": 90, "texture": "#0"},
				"up": {"uv": [2.25, 0, 5.125, 1.5], "texture": "#0"},
				"down": {"uv": [15, 12.375, 16, 12.975], "rotation": 90, "texture": "#0"}
			}
		},
		{
			"from": [6.38, 8.34371, 14.902],
			"to": [7.38, 9.75371, 15.902],
			"rotation": {"angle": 45, "axis": "z", "origin": [7.99848, 11.75831, 15.402]},
			"faces": {
				"north": {"uv": [3, 0, 5.625, 1.75], "rotation": 270,